{
    "isDemoModeActivated": false,
    "searchMode": "both",
    "activePlugins": [
        "base",
        "admin",
        "ads",
        "skadate",
        "hotlist",
        "billingpaypal",
        "membership",
        "photo",
        "usearch",
        "mailbox",
        "matchmaking",
        "notifications",
        "pcgallery",
        "bookmarks",
        "winks",
        "ganalytics",
        "contactus",
        "moderation",
        "forum",
        "blogs",
        "friends",
        "ocsguests",
        "birthdays",
        "billing2checkout",
        "videoim",
        "slideshow",
        "skmobileapp",
        "socialsharing",
        "billingccbill",
        "csvimporter",
        "cloudflare",
        "contactimporter",
        "event",
        "fbconnect",
        "groups",
        "newsfeed",
        "privacy",
        "skmigration",
        "billingpwall",
        "billingstripe",
        "tinychat",
        "googlelocation",
        "customstatus",
        "migration",
        "geolocationdata",
        "lastuseractivity",
        "unregistr",
        "usercredits",
        "slpremiumtheme",
        "customindex",
        "demoreset",
        "html5chat"
    ],
    "isSearchByUserNameActive": false,
    "isTosActive": false,
    "isAvatarRequired": false,
    "isAvatarHidden": false,
    "defaultAvatar": "http://localhost:3004/no_avatar_sm.png",
    "bigDefaultAvatar": "http://localhost:3004/no_avatar.png",
    "minPasswordLength": 4,
    "maxPasswordLength": 128,
    "maintenanceMode": false,
    "validationDelay": 1000,
    "emailRegexp": "^([\\w\\-\\.\\+\\%]*[\\w])@((?:[A-Za-z0-9\\-]+\\.)+[A-Za-z]{2,})$",
    "urlRegexp": "^(http(s)?:\\/\\/)?((\\d+\\.\\d+\\.\\d+\\.\\d+)|(([\\w-]+\\.)+([a-z,A-Z][\\w-]*)))(:[1-9][0-9]*)?(\\/?([\\w-.\\,\\/:%+@&*=~]+[\\w- \\,.\\/?:%+@&=*|]*)?)?(#(.*))?$",
    "validImageMimeTypes": [
        "image/jpg",
        "image/jpeg",
        "image/png"
    ],
    "admobId": "",
    "isAdmobEnabled": false,
    "admobPages": [
        "dashboard",
        "gdpr-third-party",
        "gdpr-user-data",
        "app-settings",
        "login",
        "credits-info",
        "initial-payments",
        "view-membership-inapp",
        "profile-view",
        "bookmarks",
        "compatible-users",
        "complete-account-type",
        "complete-profile",
        "user-disapproved",
        "edit-user-questions",
        "edit-user-photos",
        "forgot-password-check-code",
        "forgot-password-check-email",
        "forgot-password-new-password",
        "guests",
        "join-initial",
        "join-questions",
        "verify-email-check-code",
        "verify-email-check-email"
    ],
    "toastDuration": 1500,
    "showOnlineOnlyInSearch": true,
    "showWithPhotoOnlyInSearch": true,
    "profilePhotosLimit": 4,
    "messagesLimit": 16,
    "maxTextareaHeight": 200,
    "installPwaBannerShortPeriod": 300,
    "installPwaBannerLongPeriod": 86400,
    "tinderSearchTimeout": 30000,
    "billingCurrency": "USD",
    "avatarMaxUploadSize": 5242880,
    "attachMaxUploadSize": 20971520,
    "photoMaxUploadSize": 104857600
}