[
    {
        "order": 0,
        "sectionId": 34,
        "section": "Basic",
        "items": [
            {
                "type": "text",
                "key": "email",
                "label": "Email",
                "placeholder": "Email",
                "values": [],
                "value": "",
                "validators": [
                    {"name": "require"}, 
                    {"name": "email"}, 
                    {"name": "userEmail"}
                ],
                "params": {
                    "stacked": true
                }
            },
            {
                "type": "text",
                "key": "realname",
                "label": "Real name",
                "placeholder": "Real name",
                "values": [],
                "value": "",
                "validators": [
                    {
                        "name": "require"
                    }
                ],
                "params": {
                    "stacked": true
                }
            },
            {
                "type": "age",
                "key": "birthdate",
                "label": "Birthday",
                "placeholder": "Birthday",
                "values": [],
                "value": "",
                "validators": [
                    {
                        "name": "require"
                    }
                ],
                "params": {
                    "minDate": 1930,
                    "maxDate": 1992
                }
            },
            {
                "type": "textarea",
                "key": "aboutme",
                "label": "About me",
                "placeholder": "About me",
                "values": [],
                "value": "",
                "validators": [
                    {
                        "name": "require"
                    }
                ],
                "params": null
            },
            {
                "type": "googlemap_location",
                "key": "googlemap_location",
                "label": "Location",
                "placeholder": "Location",
                "values": [],
                "value": "",
                "validators": [],
                "params": {
                    "stacked": true
                }
            }
        ]
    }
]
