{
    "dir": "ltr",
    "translations": {
        "account_type_not_completed_error": "You have to complete your profile type",
        "admin_settings": "Settings",
        "ads_desc": "To activate AdMob you need to indicate your Ad Unit ID. <a href=\"https://hello.skadate.com/docs/manuals/admob_android\" target=\"_blank\">Click here for Android</a> or <a href=\"https://hello.skadate.com/docs/manuals/admob_ios\" target=\"_blank\">click here for IOS</a> to learn how to acquire it.",
        "ads_enabled_label": "Enabled",
        "ads_label": "Ad Unit ID",
        "ads_settings": "Admob network",
        "ads_submit": "Save",
        "advanced_search_input_section": "Advanced search",
        "android": "Android",
        "android_app_url_label": "Android App Url",
        "app_android_recurring_information_description": "<ul><li>Payment will be charged to Google Account at confirmation of purchase</li><li>To cancel subscription open the Google Play Store from your phone or tablet. Tap \"Menu\" >> \"Subscriptions\". Tap the subscription you want to cancel. Tap \"Cancel subscriptions\" and follow the onscreen instructions</li></ul>",
        "app_error_page_description": "Please try again later",
        "app_error_page_header": "Oops. Something went wrong.",
        "app_ios_recurring_information_description": "<ul><li>Payment will be charged to iTunes Account at confirmation of purchase</li><li>Subscription automatically renews unless auto-renew is turned off at least 24-hours before the end of the current period</li><li>Account will be charged for renewal within 24-hours prior to the end of the current period, and identify the cost of the renewal</li><li>Subscriptions may be managed by the user and auto-renewal may be turned off by going to the user’s Account Settings after purchase</li><li>Any unused portion of a free trial period, if offered, will be forfeited when the user purchases a subscription to that publication, where applicable</li></ul>",
        "app_mobile_recurring_information_description": "<ul><li>To cancel PayPal subscription: Log in to your PayPal account at www.paypal.com. Click the Settings icon next to \"Log out.\" Select Preapproved Payments under \"Payment settings.\" Select the merchant whose agreement you want to cancel and click the Cancel Subscription button.</li><li>To cancel credit card subscription: Contact the issuer of your credit card.</li></ul>",
        "app_recurring_information_label": "Subscription Information",
        "app_romotion_label": "App promotion",
        "app_settings_basic_information_label": "Basic information",
        "app_settings_delete_account_button": "Delete account",
        "app_settings_delete_account_confirmation": "If you delete your account, you will permanently lose your profile, messages, photos and matches.\n        If you'd rather keep your account but simply hide your card you can disable discovery instead.\n        Are you sure you want to delete your account?",
        "app_settings_email_label": "Email",
        "app_settings_notifications_label": "Notifications",
        "app_settings_privacy_policy_label": "Privacy Policy",
        "app_settings_push_label": "Push",
        "app_settings_terms_of_use_label": "Terms of Use",
        "avatar_and_photos_approval_text": "Avatar and {{photos}} photo(s) are not approved. Please wait",
        "avatar_approval_text": "Avatar is not approved. Please wait",
        "avatar_has_been_deleted": "Avatar has been deleted",
        "avatar_has_been_uploaded": "Avatar has been uploaded",
        "avatar_input_error": "Please choose an avatar",
        "back": "Back",
        "back_to_starter_page_button": "Back to starter page",
        "base_input_section": "Base",
        "billing_address": "Address line",
        "billing_address_placeholder": "Specify your address",
        "billing_card_details": "Card details",
        "billing_card_name": "Name on card",
        "billing_card_name_placeholder": "Specify your card name",
        "billing_card_number": "Card number",
        "billing_card_number_placeholder": "Specify your card number",
        "billing_country": "Country",
        "billing_country_placeholder": "Your country",
        "billing_cvc": "CVC",
        "billing_cvc_placeholder": "3 digits one the back of your card",
        "billing_expiration_date": "Expiration date",
        "billing_expiration_date_placeholder": "Specify the exact date",
        "billing_information": "Information",
        "billing_page_title": "Billing information",
        "billing_state": "State",
        "billing_state_placeholder": "Your state",
        "billing_zip": "ZIP code",
        "billing_zip_placeholder": "Specify your zip code",
        "block_profile": "Block",
        "block_profile_confirmation": "Are you sure you want to block this user? This will cancel and prevent all interaction with you",
        "bookmarks_page_header": "Bookmarks",
        "buy_upgrades_page_header": "Buy Upgrades",
        "cancel": "Cancel",
        "change_site_url": "Change site url",
        "change_site_url_page_header": "Change site url",
        "check_location": "Check location",
        "choose_avatar": "Add avatar",
        "choose_date": "Choose date",
        "choose_location_input": "City/Town/Zip",
        "choose_location_page_header": "Choose location",
        "close": "Close",
        "compatibility": "Compatibility",
        "compatible_users_page_header": "Compatible users",
        "complete_account_desc": "Please fill the fields below to complete your profile.",
        "complete_account_type_page_header": "Complete your profile",
        "complete_profile_page_header": "Complete your profile",
        "conversations_empty_descr": "Tap on a new match to send message",
        "conversations_empty_title": "Say Hello",
        "conversations_no_lists_descr": "First, let's find someone you like!",
        "conversations_no_lists_title": "No One's Here Yet",
        "conversations_no_results": "No results found",
        "conversation_has_been_deleted": "Conversation has been deleted",
        "conversation_has_been_marked_as_read": "Conversation has been marked as read",
        "conversation_has_been_marked_as_unread": "Conversation has been marked as unread",
        "conversation_new_message": "New message",
        "cost_of_actions_page_title": "Cost of actions",
        "credits": "Credits",
        "credits_info_not_available_message": "No info available for the current credit rewards page",
        "credits_info_not_available_title": "Credits rewards",
        "credits_updated": "You have been bought {{count}} credits",
        "credit_pack": "{{currency}} {{price}}",
        "date_input_days": "Sunday, Monday, Tuesday, Wednesday Thursday, Friday, Saturday",
        "date_input_days_short": "Sun, Mon, Tue, Wed, Thu, Fri, Sat",
        "date_input_months": "January, February, March, April, May, June, July, August, September, October, November, December",
        "date_input_months_short": "Jan, Feb, Mar, Apr, May, Jun, Jul, Aug, Sep, Oct, Nov, Dec",
        "decrease_credits_notification": "{{count}} credits removed from your credit balance.",
        "default_app_url_desc": "Generic App URL by default",
        "delete_avatar": "Delete avatar",
        "delete_avatar_confirmation": "Are you sure you want to delete this avatar?",
        "delete_bookmark_confirmation": "Are you sure you want to delete this user from bookmark list?",
        "delete_conversation": "Delete conversation",
        "delete_conversation_confirmation": "Are you sure you want to delete this conversation?",
        "delete_guest_confirmation": "Are you sure you want to delete this user from guest list?",
        "delete_message": "Delete",
        "delete_message_confirmation": "Are you sure you want to delete this message?",
        "delete_photo": "Delete photo",
        "delete_photo_confirmation": "Are you sure you want to delete this photo?",
        "dislike": "Dislike",
        "dislike_confirmation": "\"{{name}}\" will be temporary removed from search results.",
        "done": "Done",
        "edit_profile": "Edit profile",
        "edit_user_page_header": "Edit",
        "edit_user_photos_page_header": "Manage photos",
        "email_input": "Email",
        "email_input_placeholder": "Type your email",
        "email_notifications_page_description": "Control the emails you want to get - all of them, just the important stuff or the bare minimum",
        "email_notifications_page_title": "Email notifications",
        "email_not_confirmed_error": "You have to verify your email",
        "email_settings_saved": "Email settings saved",
        "email_setting_label_mailbox-new_chat_message": "New Messages",
        "email_setting_label_skmobileapp-new_match_message": "New Matches",
        "email_validator_error": "Email is incorrect",
        "empty_user_search_desc": "Please try different search for more results",
        "empty_user_search_header": "No people found",
        "error_file_exceeds_max_upload_size": "Your file ({{fileSize}} Mb) exceeds the max upload file size ({{allowedSize}} Mb)",
        "error_file_mime_type": "Alowed file types are: {{mimeTypes}}",
        "error_occurred": "Error occurred",
        "error_uploading_file": "Error while uploading the file",
        "expires": "Expires",
        "facebook_connect_login_label": "Or connect via",
        "flag_as_illegal": "Illegal",
        "flag_as_offence": "Offence",
        "flag_as_spam": "SPAM",
        "flag_input": "Flag this as",
        "flag_page_header": "Flag",
        "flag_photo": "Flag photo",
        "flag_profile": "Flag profile",
        "forgot_password": "Forgot password",
        "forgot_password_check_code_page_title": "Reset password request",
        "forgot_password_check_email_page_title": "Forgot password",
        "forgot_password_code_check_desc": "Type the Reset Code sent to you. This will allow you to change the password.",
        "forgot_password_code_input": "Code",
        "forgot_password_code_input_placeholder": "Type the reset code",
        "forgot_password_code_invalid": "Please enter the valid reset code",
        "forgot_password_email_check_desc": "Type the email address you used during the registration.",
        "forgot_password_email_input": "Email",
        "forgot_password_email_input_placeholder": "Type your email",
        "forgot_password_input": "New password",
        "forgot_password_input_placeholder": "Type in new password",
        "forgot_password_invalid_email": "Invalid email",
        "forgot_password_new_password_desc": "Enter and confirm your new password below.",
        "forgot_password_new_password_page_title": "Reset your password",
        "forgot_password_reset_successful": "Your password successfully updated",
        "form_general_error": "Please fill the fields correctly to continue",
        "gateway_page_title": "Payment method",
        "gateway_title": "Mobile applications",
        "gender_input": "Gender",
        "general": "General",
        "google_map_api_key_desc": "<b>This is required field.</b>\n        <br/>\n        Follow this <a href=\"https://developers.google.com/places/web-service/autocomplete\">link</a> to read more information",
        "google_map_api_key_label": "Google map API Key",
        "guests_page_header": "Guests",
        "guide_button": "Got it!",
        "guide_step1_android": "Tap the ‘More’ button at the top right corner of the screen.",
        "guide_step1_android_title": "Step 1",
        "guide_step1_ios": "Tap the ‘Share’ button at the bottom of the screen.",
        "guide_step1_ios_title": "Step 1",
        "guide_step2_android": "Tap ‘Add to Home Screen’.",
        "guide_step2_android_title": "Step 2",
        "guide_step2_ios": "Tap ‘Add to Home Screen’.",
        "guide_step2_ios_title": "Step 2",
        "hot_list_delete_confirmation": "Are you sure you want to delete your profile from Hot List list?",
        "hot_list_empty_desc": "No people in your hot list",
        "hot_list_join": "Are you hot too?",
        "hot_list_join_confirmation": "Your profile will be added to Hot List for {{count}} credits.",
        "hot_list_remove": "Remove from Hot List",
        "howto_download_pwa": "How to Download App",
        "inapps_all_membership_actions": "All membership actions",
        "inapps_android_platform_label": "(Android)",
        "inapps_apm_android_account_key_desc": "<a href=\"https://hello.skadate.com/docs/faq/site_configuration/android-in-app-purchases#skadate-admin-area\">Click here</a> to find instructions on how to get private key file.",
        "inapps_apm_android_account_key_label": "Private key file",
        "inapps_apm_key_desc": "Your application stores the public key in its compiled .apk file and uses it to verify the licensing status response. <a href=\"https://developer.android.com/google/play/licensing/index.html\">Learn more</a>",
        "inapps_apm_key_label": "Public Key",
        "inapps_apm_package_name_desc": "Package name of your app",
        "inapps_apm_package_name_label": "Package name",
        "inapps_app_only_membership_actions": "App-related membership actions",
        "inapps_enable": "Enable monetization",
        "inapps_ios_platform_label": "(iOS)",
        "inapps_ios_test_mode_label": "Itunes Test Mode",
        "inapps_itunes_shared_secret_desc": "For information about incorporating the shared secret into your app’s receipt handling, see <a href=\"https://developer.apple.com/library/content/releasenotes/General/ValidateAppStoreReceipt/Introduction.html#//apple_ref/doc/uid/TP40010573\">Receipt Validation Programming Guide.</a>",
        "inapps_itunes_shared_secret_label": "Itunes Shared Secret",
        "inapps_show_membership_actions": "Display of available membership actions in Apps",
        "inapps_show_membership_actions_desc": "Choose which membership actions are shown to mobile apps users - all membership actions available for both, desktop website and mobile apps, or only actions related strictly to mobile apps.",
        "inapps_submit": "Save",
        "increase_credits_notification": "{{count}} credits added to your credit balance.",
        "invalid_android_account_key": "Invalid android service account key",
        "ios": "IOS",
        "ios_app_url_label": "iOS App Url",
        "join_page_header": "Join",
        "keep_empty": "Keep empty",
        "keep_playing": "Keep playing",
        "km_away": "{{value}} km away",
        "like": "Like",
        "like_confirmation": "\"{{name}}\" will be added to My Likes.",
        "location_error_desc": "Your location still is not available. Check your phone's settings and try again",
        "location_issue_desc": "Don’t forget to enable location detection on your smartphone to see potential matches.",
        "location_issue_title": "Location issue!",
        "login": "Login",
        "login_failed": "Invalid username or email",
        "login_input": "Username/Email",
        "logout": "Logout",
        "looking_for_input": "Looking For:",
        "losing_credits": "Losing credits",
        "mailbox_send_message_promotion_desc": "Please upgrade to start/continue chat dialog",
        "mailbox_start_conversation_desc": "Start Conversation. Type right here, right now!",
        "mailbox_unread_messages": "Unread messages",
        "mailbox_wink_received_desc": "Wink was received",
        "mailbox_wink_sent_desc": "Wink was sent",
        "maintenance_mode": "<h1>Under maintenance.</h1><p>Sorry, the site is undergoing planned maintenance. We'll be back soon.</p>",
        "maintenance_mode_error": "Maintenance mode is enabled",
        "manage_photos": "Manage photos",
        "mark_read_conversation": "Mark as read",
        "mark_unread_conversation": "Mark as unread",
        "matched_user_desc": "You and {{userName}} liked each other",
        "matched_user_page_header": "It's a Match!",
        "max_length_validator_error": "String is too long",
        "memberships": "Memberships",
        "membership_plan": "<span>{{currency}} {{price}}</span><span>per {{period}} {{periodUnits}}</span>",
        "membership_trial_added": "You have been granted {{amountDays}} days of the trial membership",
        "membership_trial_error": "Trial membership can be used only once",
        "membership_trial_plan": "<span>Trial</span><span>{{period}} {{periodUnits}}</span>",
        "membership_updated": "You have been updated your membership",
        "menu_ads_label": "ADS",
        "menu_inapps_label": "Monetization",
        "menu_push_label": "Push notifications",
        "menu_settings_label": "Settings",
        "miles_away": "{{value}} mile(s) away",
        "min_length_validator_error": "String is too short",
        "missing_google_api_setting_error": "SkaDate Mobile Application requires the <a href=\"{$url}\">google map API key</a> to be set",
        "missing_google_monetizations_settings_error": "SkaDate Mobile Application requires the <a href=\"{$url}\">monetizations</a> settings to be set",
        "missing_plugins_error": "SkaDate Mobile Application requires installation of the following plugins: {$plugins}",
        "missing_push_settings_error": "SkaDate Mobile Application requires the <a href=\"{$url}\">push notifications</a> settings to be set",
        "new_guests_counter": "{{count}} new guest(s) available",
        "new_matches": "New Matches",
        "new_match_notification_string": "You’ve got a new match!",
        "new_messages": "New Messages",
        "next": "Next",
        "nope": "Nope",
        "no_credits": "No credit pack to buy",
        "no_internet": "No internet connection",
        "no_memberships": "No memberships to upgrade",
        "ok": "OK",
        "online_input": "Online only",
        "password_input": "Password",
        "password_input_placeholder": "Type the password",
        "password_max_length_validator_error": "Password should have less than {{length}} characters",
        "password_min_length_validator_error": "Password should have more than {{length}} characters",
        "password_repeat_input": "Repeat password",
        "password_repeat_input_placeholder": "Repeat your password",
        "password_repeat_validator_error": "Passwords do not match",
        "payment_success_finished_message": "Your payment successfully finished",
        "permission_denied_alert_message": "To continue you should upgrade your Membership or buy more credits",
        "permission_denied_alert_title": "You don't have permissions",
        "permission_denied_header": "You don't have enough permissions",
        "photos_approval_text": "{{photos}} photo(s) are not approved. Please wait",
        "photo_has_been_deleted": "Photo has been deleted",
        "photo_has_been_uploaded": "Photo has been uploaded",
        "photo_reported": "Photo reported",
        "photo_set_avatar": "You have set the avatar",
        "plugin_delete_warning": "Plugin cannot be deleted due to admin settings",
        "pn_apns_cert_desc": "SSL certificate ( *.pem ) that your push server uses to make a secure connection to APNS",
        "pn_apns_cert_label": "APNS certificate",
        "pn_apns_mode_label": "Mode",
        "pn_apns_mode_live": "Live",
        "pn_apns_mode_test": "Test",
        "pn_apns_pass_phrase_desc": "Certificate passphrase",
        "pn_apns_pass_phrase_label": "Pass phrase used to protect the certificate.",
        "pn_enabled_label": "Enabled",
        "pn_new_match": "Congratulations! You have a new match!",
        "pn_new_match_title": "New match",
        "pn_new_message": "{$username}: {$message}",
        "pn_new_message_title": "Message",
        "pn_sender_id_desc": "Sender id is a unique identifier that you generate using the Firebase Developers Console. It is used to deliver notifications using Firebase Cloud Messaging.",
        "pn_sender_id_label": "Sender id",
        "pn_server_key_desc": "API key is a unique identifier that you generate using the Firebase Developers Console. It is used to deliver notifications using Firebase Cloud Messaging.",
        "pn_server_key_label": "Server key",
        "pn_submit": "Submit",
        "preferences_page_description": "Settings",
        "preferences_pushes_page_title": "Push notifications",
        "preferences_saved": "Preferences saved",
        "preference_label_skmobileapp_new_matches_push": "New Matches",
        "preference_label_skmobileapp_new_messages_push": "New Messages",
        "privacy_policy_page_content": "<p>\n        Thank you for visiting our website. This privacy policy tells you how we use personal information collected at this website. Please read this privacy policy before using the website or submitting any personal information. By using this website, you are accepting the practices described in this privacy policy. These practices may be changed, but any changes will be posted and will only apply to activities and information on a going forward, not retroactive basis. You are encouraged to review the privacy policy whenever you visit the site to keep track of the policy changes and make sure that you understand howany personal information you provide will be used.\n        </p>\n        <p>\n        Note: the privacy practices set forth in this privacy policy are for this website only. If you link to other websites, please review the privacy policies posted at those websites.\n        </p>\n\n        <h2\">Collection of Information</h2>\n\n        <p class=\"ow_stdmargin\">\n        We collect personally identifiable information, like names, email addresses, etc., when voluntarily submitted by our visitors. This information is only used to fulfill your specific request, and to sign you up for our service mailing list, unless you give us permission to use it in other manners.\n        </p>\n\n        <h2>Cookie/Tracking Technology</h2>\n\n        <p>\n        This website may use cookie and tracking technology depending on the features offered. Cookie and tracking technology are useful for gathering information such as browser type and operating system, tracking the number of visitors to the website, and understanding how visitors use the website. Cookies can also help customize the website for visitors. Personal information cannotbe collected via cookies and other tracking technology, however, if you previously providedpersonally identifiable information, cookies may be tied to such information. Aggregate cookie and tracking information may be shared with third parties.\n        </p>\n\n        <h2>Distribution of Information</h2>\n\n        <p>\n        We may share information with governmental agencies or other companies assisting us in fraud prevention or investigation. We may do so when: (1) permitted or required by law; or, (2) trying to protect against or prevent actual or potential fraud or unauthorized transactions; or, (3) investigating fraud which has already taken place. The information is not provided to these companies for marketing purposes.\n        </p>\n\n        <h2>Commitment to Data Security</h2>\n\n        <p>\n        Your personally identifiable information is kept secure. Only authorized employees, agents and contractors (who have agreed to keep information secure and confidential) have access to this information. All emails and newsletters from this website allow you to opt out of further mailings.\n        </p>\n\n        <h2>Privacy Contact Information</h2>\n\n        <p>\n        If you have any questions, concerns, or comments about our privacy policy you may contact us using means provided on this website. We reserve the right to make changes to this policy. Any changes to this policy will be posted.\n        </p>",
        "privacy_policy_page_header": "Privacy Policy",
        "profile_added_to_bookmarks": "Profile added to bookmarks",
        "profile_app_settings": "Settings",
        "profile_blocked": "Profile blocked",
        "profile_bookmarks": "Bookmarks",
        "profile_buy_upgrades": "Buy upgrades",
        "profile_cannot_be_viewed": "Profile cannot be viewed",
        "profile_compatible_users": "My compatible users",
        "profile_disapproved_error": "Your profile is disapproved",
        "profile_edit_profile": "Edit profile",
        "profile_is_pending_approval": "Your account is pending approval",
        "profile_my_guests": "My guests",
        "profile_not_completed_error": "You have to complete your profile",
        "profile_removed_from_bookmarks": "Profile removed from bookmarks",
        "profile_removed_from_guests": "Profile removed from guests",
        "profile_reported": "Profile reported",
        "profile_suspended": "Sorry your account is suspended. Please contact the site administrator.",
        "profile_suspended_error": "Your profile is suspended",
        "profile_unblocked": "Profile unblocked",
        "profile_updated": "Profile has been updated",
        "purchase": "Purchase",
        "purchase_cancelled": "The purchase is cancelled. Please try again later.",
        "pwa_install": "Install",
        "pwa_installation_guide": "Installation Guide",
        "pwa_install_close_confirm_dismiss": "Dismiss",
        "pwa_install_close_confirm_later": "Later",
        "pwa_install_close_confirm_message": "Sure you don't want to install {{appName}}",
        "pwa_install_close_confirm_title": "Reminder options",
        "pwa_label": "PWA",
        "read_mailbox_message": "Read the message",
        "reason": "Reason",
        "receiving_credits": "Receiving credits",
        "recurring": "Recurring",
        "require_validator_error": "Value cannot be empty",
        "resend_message": "Resend",
        "search": "Search",
        "search_filter": "Search filter",
        "search_filter_page_header": "Search filter",
        "search_mode_both": "Tinder mode + Browse users",
        "search_mode_browse": "Browse users",
        "search_mode_label": "Search mode",
        "search_mode_tinder": "Tinder mode",
        "select_input_empty_value": "Select value",
        "send": "Send",
        "send_message": "Send message",
        "settings_account_private_key_label": "Private key",
        "settings_android_client_email_label": "Client email",
        "settings_saved": "Settings saved",
        "settings_submit": "Save",
        "set_avatar": "Set avatar",
        "sign_up": "Sign up",
        "site_address_error": "Invalid site url",
        "site_address_input": "www.site.com",
        "site_address_input_require_error": "Enter site URL",
        "skmobileapp_email_notifications_new_match_message": "Someone has matched with you",
        "skmobileapp_email_notifications_section_label": "Skmobile App",
        "tinder_about_me": "About me",
        "tinder_nomatches_left_desc": "Please try again a bit later.",
        "tinder_nomatches_left_header": "You've run out of matches!",
        "tos_agree_button": "I agree with terms of use",
        "tos_agree_input_error": "Please check the terms of use",
        "tos_page_content": "<p>\r\n        Welcome to our website. If you continue to browse and use this website, you are agreeing to comply with and be bound by the following terms and conditions of use, which together with our privacy policy govern our relationship with you in relation to this website. If you disagree with any part of these terms and conditions, please do not use our website.\r\n        </p>\r\n        <p>\r\n        The term 'website' or 'us' or 'we' refers to the owner of the website. The term 'user' refers to the website visitor.\r\n        </p>\r\n        <p>\r\n        The use of this website is subject to the following terms of use:\r\n        </p>\r\n        <ul>\r\n        <li>\r\n        The content of the pages of this website is for user’s general information and use only. It is subject to change without notice.\r\n        </li>\r\n        <li>\r\n        User acknowledges that neither we nor any third parties provide any warranties while the user is using this website for any particular purpose. We expressly exclude liability for any possible harm to the fullest extent permitted by law.\r\n        </li>\r\n        <li>\r\n        User’s use of any information or materials on this website is entirely at their own risk, for which we shall not be liable. It shall be user’s own responsibility to ensure that any products, services or information available through this website meet user’s specific requirements.\r\n        </li>\r\n        <li>\r\n        This website contains material that may be owned by or licensed to us. This material includes, but is not limited to the design, layout, look, appearance and graphics. Reproduction is prohibited other than upon receiving explicit permission.\r\n        </li>\r\n        <li>\r\n        Unauthorised use of this website may give rise to a claim for damages and/or be a criminal offence.\r\n        </li>\r\n        <li>\r\n        This website may also include links to other websites. These links are provided for user’s convenience to provide further information. They do not signify that we endorse said website(s). We have no responsibility for the content of the linked website(s).\r\n        </li>\r\n        <li>\r\n        User agrees not to submit illegal content to this website, and agree to warn website owners after seeing other users doing it.\r\n        </li>\r\n        </ul>",
        "tos_page_header": "Terms of use",
        "tos_section": "Terms of use",
        "unblock_profile": "Unblock",
        "unmark": "Unmark",
        "upgrade": "Upgrade",
        "upload_photo": "Upload photo",
        "url_validator_error": "Wrong URL format",
        "username_input": "Username",
        "username_input_placeholder": "Type your username",
        "user_email_validator_error": "Email already used by another user or restricted",
        "user_name_validator_error": "Username already used or restricted",
        "verify_email_back_button": "Back to starter page",
        "verify_email_check_code_page_desc": "A verification code was sent to you. Please check your mail and enter the received verification code below",
        "verify_email_check_email_page_desc": "Please enter your email below to receive the new verification code",
        "verify_email_code_input": "Enter ver. code",
        "verify_email_code_input_placeholder": "Type the code",
        "verify_email_done_button": "Done",
        "verify_email_email_input": "Enter email address",
        "verify_email_email_input_placeholder": "Type your email address",
        "verify_email_invalid_code": "Please enter the valid verification code",
        "verify_email_mail_sent": "Verification mail has been sent to {{email}}",
        "verify_email_open_check_email_page": "I didn't receive any email with a verification code",
        "verify_email_registration_successful": "Registration successful",
        "verify_email_resend_button": "Resend",
        "verify_email_verification_successful": "Your account has been verified",
        "view_all_photos": "View all photos",
        "view_mailbox_message_denied": "You do not have enough permissions to read this message",
        "view_mailbox_message_upgrade": "Please upgrade to read chat messages",
        "view_video": "View video",
        "within_km": "within {{value}} km",
        "within_miles": "within {{value}} mile",
        "with_photo_input": "With photo",
        "yes": "Yes",
        "your_credits": "Your Credits",
        "your_membership": "Your Membership"
    }
}
