{
  "id": "com.skadate.com",
  "version": "1.0.0",
  "name": "Skmobile APP",
  "description": "skadate mobile app",
  "authorEmail": "info@skadate.com",
  "authorName": "skadate",
  "authorUrl": "http://skadate.com",
  "serverUrl": "http://localhost:8100",
  "facebookAppId": "1111",
  "googleProjectNumber": "",
  "playStoreKey": "",
  "pwaBackgroundColor": "#ffffff",
  "pwaThemeColor": "#ffffff",
  "pwaIcon": "assets/img/pwa_icon.png",
  "pwaIconSize": "192x192",
  "pwaIconType": "image/png",
  "appleIcon": "assets/img/apple-touch-icon.png",
  "appleIconSize": "180x180"
}
