<?xml version="1.0" encoding="UTF-8" standalone="yes"?>
<widget id="${id}" version="${version}" xmlns="http://www.w3.org/ns/widgets" xmlns:cdv="http://cordova.apache.org/ns/1.0" xmlns:android="http://schemas.android.com/apk/res/android">

    <name>${name}</name>
    <description>${description}</description>
    <author email="${authorEmail}" href="${authorUrl}">${authorName}</author>
    <content src="index.html"/>

    <access origin="*"/>
    <allow-intent href="http://*/*"/>
    <allow-intent href="https://*/*"/>
    <allow-intent href="tel:*"/>
    <allow-intent href="sms:*"/>
    <allow-intent href="mailto:*"/>
    <allow-intent href="geo:*"/>
    <allow-navigation href="http://localhost:8080/*"/>

    <platform name="android">
        <resource-file src="resources/android_push.png" target="res/drawable/notification.png" />
        <custom-config-file parent="./application" target="AndroidManifest.xml">
            <meta-data android:name="com.google.firebase.messaging.default_notification_icon" android:resource="@drawable/notification" />
        </custom-config-file>
         <config-file target="AndroidManifest.xml" parent="/manifest">
            <uses-permission android:name="android.permission.CAMERA" />
            <uses-permission android:name="android.permission.RECORD_AUDIO" />
        </config-file>

        <resource-file src="resources/sounds/match.wav" target="res/raw/match.wav" />
        <allow-intent href="market:*"/>
        <preference name="ShowSplashScreenSpinner" value="false" />
    </platform>

    <platform name="ios">
        <resource-file src="resources/sounds/match.wav" />
        <allow-intent href="itms:*"/>
        <allow-intent href="itms-apps:*"/>

        <hook src="hooks/iosrtc-inclusion.js" type="after_platform_add" />
        <hook src="hooks/iosrtc-swift-support.js" type="after_platform_add" />

        <edit-config file="*-Info.plist" mode="merge" target="NSPhotoLibraryAddUsageDescription">
            <string>This app requires to access your photo library to show image on profile and send via chat</string>
        </edit-config>
        <edit-config file="*-Info.plist" mode="merge" target="NSCameraUsageDescription">
            <string>This app requires to access your camera to show image on profile and send via chat</string>
        </edit-config>
        <edit-config file="*-Info.plist" mode="merge" target="NSMicrophoneUsageDescription">
            <string>Need microphone access for uploading videos</string>
        </edit-config>
        <edit-config file="*-Info.plist" mode="merge" target="NSPhotoLibraryUsageDescription">
            <string>This app requires to access your photo library</string>
        </edit-config>

        <edit-config file="*-Info.plist" mode="merge" target="NSLocationAlwaysUsageDescription">
            <string>This app requires to access your location</string>
        </edit-config>

        <edit-config file="*-Info.plist" mode="merge" target="NSLocationWhenInUseUsageDescription">
            <string>This app requires to access your location</string>
        </edit-config>
    </platform>

    <platform name="browser">
        <preference name="SplashScreen" value="./assets/img/pwa_splash_icon.png" />
        <preference name="SplashScreenBackgroundColor" value="#ffffff" />
        <preference name="SplashScreenWidth" value="200" />
        <preference name="SplashScreenHeight" value="200" />
    </platform>

    <preference name="webviewbounce" value="false"/>
    <preference name="UIWebViewBounce" value="false"/>
    <preference name="DisallowOverscroll" value="true"/>
    <preference name="android-minSdkVersion" value="16"/>
    <preference name="BackupWebStorage" value="none"/>
    <preference name="orientation" value="portrait" />

    <!--
    Change these to configure how the splashscreen displays and fades in/out.
    More info here: https://github.com/apache/cordova-plugin-splashscreen
    -->
    <preference name="SplashMaintainAspectRatio" value="true"/>
    <preference name="FadeSplashScreenDuration" value="300"/>
    <preference name="SplashShowOnlyFirstTime" value="false" />
    <preference name="SplashScreenDelay" value="1500000" />
    <preference name="KeyboardDisplayRequiresUserAction" value="false" />
    <preference name="CordovaWebViewEngine" value="CDVWKWebViewEngine" />

    <feature name="StatusBar">
        <param name="ios-package" onload="true" value="CDVStatusBar"/>
    </feature>

    <feature name="CDVWKWebViewEngine">
        <param name="ios-package" value="CDVWKWebViewEngine" />
    </feature>

    <plugin name="cordova-admob-sdk" spec="0.19.0">
        <variable name="PLAY_SERVICES_VERSION" value="11.6.2" />
    </plugin>

    <plugin name="cordova-plugin-admob-free" spec="0.19.0" source="npm">
        <variable name="PLAY_SERVICES_VERSION" value="11.6.2" />
    </plugin>

    <plugin name="cordova-plugin-facebook4" spec="3.2.0">
        <variable name="APP_ID" value="${facebookAppId}" />
        <variable name="APP_NAME" value="${id}" />
        <variable name="FACEBOOK_ANDROID_SDK_VERSION" value="4.38.1" />
    </plugin>

    <plugin name="cordova-google-api-version" spec="0.0.1">		
        <variable name="GOOGLE_API_VERSION" value="11.6.2" />		
    </plugin>

    <plugin name="phonegap-plugin-push" spec="https://github.com/skalfa/phonegap-plugin-push">
        <variable name="FCM_VERSION" value="11.6.2" />		
    </plugin>

    <plugin name="cordova-plugin-whitelist" spec="1.3.3" />
    <plugin name="cordova-plugin-statusbar" spec="2.3.0" />
    <plugin name="cordova-plugin-device" spec="1.1.7" />
    <plugin name="cordova-plugin-splashscreen" spec="4.1.0" />
    <plugin name="ionic-plugin-keyboard" spec="2.2.1" />
    <plugin name="cordova-hot-code-push-plugin" spec="1.5.3" />
    <plugin name="cordova-plugin-inapppurchase" spec="1.2.0" />
    <plugin name="phonegap-plugin-media-stream" spec="1.2.1" />
    <plugin name="cordova-plugin-iosrtc" spec="4.0.2" />

    <plugin name="cordova-plugin-ionic-webview" spec="https://github.com/skalfa/cordova-plugin-ionic-webview">
        <variable name="ANDROID_SUPPORT_ANNOTATIONS_VERSION" value="27.+" />
    </plugin>

    <plugin name="cordova-plugin-geolocation" spec="4.0.1">
        <variable name="GEOLOCATION_USAGE_DESCRIPTION" value="I would like to show you matches near you" />
    </plugin>

    <chcp>
        <config-file url="${serverUrl}/ow_static/plugins/skmobileapp/src/chcp.json" />
    </chcp>
  
</widget>