{
    "name": "skmobileapp",
    "author": "Skadate",
    "homepage": "",
    "private": true,
    "config": {
        "ionic_watch": "./config/watch.js",
        "ionic_copy": "./config/copy.js",
        "ionic_webpack": "./config/webpack.config.js",
        "ionic_bundler": "webpack"
    },
    "scripts": {
        "setup": "npm uninstall -g cordova ionic cordova-hot-code-push-cli  && npm install -g cordova@8.1.2  ionic@3.20.0  cordova-hot-code-push-cli@1.1.1",
        "setup_travis": "npm install -g cordova@8.1.2  ionic@3.20.0 cordova-hot-code-push-cli@1.1.1",
        "prepare": "node ./updateManifest.js && npm install && node ./prepare.js && ionic cordova platform add android@6.3.0 && ionic cordova platform add ios@4.5.5 && ionic cordova platform add browser@https://github.com/skalfa/cordova-browser",
        "prepare_travis": "node ./updateManifest.js && npm install && node ./prepare.js && ionic cordova platform add browser@https://github.com/skalfa/cordova-browser",
        "prepare_ios": "node ./updateManifest.js && npm install && node ./prepare.js && ionic cordova platform add ios@4.5.5 && ionic cordova platform add browser@https://github.com/skalfa/cordova-browser",
        "prepare_android": "node ./updateManifest.js && npm install && node ./prepare.js && ionic cordova platform add android@6.3.0 && ionic cordova platform add browser@https://github.com/skalfa/cordova-browser",
        "ionic:build": "node --max-old-space-size=8192 --stack-size=1968 ./node_modules/@ionic/app-scripts/bin/ionic-app-scripts.js build && node ./configure.js",
        "ionic:serve": "ionic-app-scripts serve",
        "ionic:build:after": "node ./configure.js",
        "browser": "ionic-app-scripts serve --sourceMap source-map --iscordovaserve --wwwDir platforms/browser/www/ --buildDir platforms/browser/www/build",
        "test": "karma start ./test-config/karma.conf.js",
        "test-ci": "karma start ./test-config/karma.conf.js --single-run",
        "test-coverage": "karma start ./test-config/karma.conf.js --coverage",
        "e2e": "npm run e2e-update && npm run e2e-test",
        "e2e-test": "protractor ./test-config/protractor.conf.js",
        "e2e-update": "webdriver-manager update --standalone false --gecko false"
    },
    "dependencies": {
        "@angular/animations": "5.0.3",
        "@angular/common": "5.0.3",
        "@angular/compiler": "5.0.3",
        "@angular/compiler-cli": "5.0.3",
        "@angular/core": "5.0.3",
        "@angular/forms": "5.0.3",
        "@angular/http": "5.0.3",
        "@angular/platform-browser": "5.0.3",
        "@angular/platform-browser-dynamic": "5.0.3",
        "@ionic-native/admob-free": "4.7.0",
        "@ionic-native/core": "4.7.0",
        "@ionic-native/device": "4.7.0",
        "@ionic-native/facebook": "4.7.0",
        "@ionic-native/splash-screen": "4.7.0",
        "@ionic-native/status-bar": "4.7.0",
        "@ionic-native/in-app-purchase": "4.7.0",
        "@ionic-native/push": "4.7.0",
        "@ionic-native/keyboard": "4.7.0",
        "@ionic-native/geolocation": "4.7.0",
        "@ionic/storage": "2.1.3",
        "@types/lodash": "4.14.108",
        "angular-progress-http": "1.0.0",
        "@angular-redux/store": "6.5.6",
        "reselect": "3.0.1",
        "cuid": "2.1.1",
        "ionic-angular": "3.9.2",
        "angular2-jwt": "0.2.0",
        "angular2-swing": "0.14.0",
        "cordova-admob-sdk": "0.19.0",
        "cordova-google-api-version": "0.0.1",
        "cordova-hot-code-push-cli": "1.1.1",   
        "cordova-plugin-device": "1.1.7",
        "cordova-plugin-facebook4": "3.2.0",
        "cordova-plugin-splashscreen": "4.1.0",
        "cordova-plugin-statusbar": "2.3.0",
        "cordova-plugin-whitelist": "1.3.3",
        "cordova-plugin-ionic-webview": "2.2.5",
        "fs-walk": "0.0.1",
        "ionicons": "3.0.0",
        "lodash": "4.17.10",
        "phonegap-plugin-push": "https://github.com/skalfa/phonegap-plugin-push",
        "rxjs": "5.5.2",
        "sprintf-js": "1.0.3",
        "sw-toolbox": "3.6.0",
        "xcode": "1.0.0",
        "zone.js": "0.8.18",
        "web-animations-js": "2.3.1",
        "ng2-translate": "5.0.0",
        "ngx-virtual-scroller": "1.0.11",
        "normalizr": "3.2.4",
        "redux": "3.6.0",
        "redux-logger": "3.0.1",
        "redux-observable": "0.14.1",
        "phonegap-plugin-media-stream": "1.2.1",
        "cordova-plugin-iosrtc": "https://github.com/skalfa/cordova-plugin-iosrtc",
        "webrtc-adapter": "7.1.1"
    },
    "devDependencies": {
        "@ionic/app-scripts": "3.2.0",
        "typescript": "2.6.1",
        "shell-task": "1.0.0",
        "@angular/cli": "1.4.8",
        "@types/jasmine": "2.5.41",
        "@types/node": "8.0.45",
        "angular2-template-loader": "0.6.2",
        "html-loader": "0.5.1",
        "ionic-mocks": "^1.3.0",
        "istanbul-instrumenter-loader": "3.0.0",
        "jasmine": "2.5.3",
        "jasmine-spec-reporter": "4.1.0",
        "karma": "1.5.0",
        "karma-chrome-launcher": "2.0.0",
        "karma-coverage-istanbul-reporter": "1.3.0",
        "karma-jasmine": "1.1.0",
        "karma-jasmine-html-reporter": "0.2.2",
        "karma-sourcemap-loader": "0.3.7",
        "karma-webpack": "2.0.3",
        "null-loader": "0.1.1",
        "protractor": "5.1.1",
        "ts-loader": "3.0.3",
        "ts-node": "3.3.0",
        "express": "4.16.4",
        "body-parser": "1.18.3"
    },
    "description": "Skadate Mobile APP"
}
